{
    "model": {
        "max_size": 38,
        "edge_unroll": 12,
        "node_dim": 9,
        "bond_dim": 4,
        "num_flow_layer": 12,
        "num_rgcn_layer": 3,
        "nhid": 128,
        "nout": 128,
        "deq_coeff": 0.9,
        "st_type": "exp",
        "use_gpu": true,
        "use_df": false,
        "rl_conf_dict": {
            "penalty": true,
            "update_iters": 4,
            "property_type": "plogp",
            "reward_type": "exp",
            "not_save_demon": true,
            "reward_decay": 0.9,
            "exp_temperature": 3.0,
            "exp_bias": 4.0,
            "linear_coeff": 2.0,
            "split_batch": false,
            "moving_coeff": 0.99,
            "no_baseline": true,
            "divide_loss": true,
            "atom_list": [
                6,
                7,
                8,
                9,
                15,
                16,
                17,
                35,
                53
            ],
            "temperature": 0.75,
            "batch_size": 8,
            "max_size_rl": 48
        }
    },
    "lr": 0.0001,
    "weight_decay": 0,
    "max_iters": 200,
    "warm_up": 0,
    "pretrain_model": "ckpt/dense_gen_net_10.pth",
    "dense_gen_model": "saved_ckpts/prop_opt/dense_gen_net_10.pth",
    "save_interval": 20,
    "save_dir": "prop_opt_plogp",
    "num_min_node": 1,
    "num_max_node": 48,
    "temperature": 0.75,
    "atom_list": [
        6,
        7,
        8,
        9,
        15,
        16,
        17,
        35,
        53
    ]
}