{
    "data": {
        "smile": "smiles",
        "prop_list": "['penalized_logp']",
        "url": "https://raw.githubusercontent.com/divelab/DIG_storage/main/ggraph/zinc_800_jt.csv",
        "num_max_node": "38",
        "atom_list": "[6, 7, 8, 9, 15, 16, 17, 35, 53]"
    },
    "model": {
        "max_size": 38,
        "edge_unroll": 12,
        "node_dim": 9,
        "bond_dim": 4,
        "num_flow_layer": 12,
        "num_rgcn_layer": 3,
        "nhid": 128,
        "nout": 128,
        "use_gpu": true,
        "rl_conf_dict": {
            "modify_size": 5,
            "penalty": true,
            "update_iters": 4,
            "reward_type": "imp",
            "reward_decay": 0.9,
            "exp_temperature": 3.0,
            "exp_bias": 4.0,
            "linear_coeff": 1.0,
            "moving_coeff": 0.99,
            "no_baseline": true,
            "atom_list": [
                6,
                7,
                8,
                9,
                15,
                16,
                17,
                35,
                53
            ],
            "temperature": [
                1.0,
                1.0
            ],
            "batch_size": 16,
            "max_size_rl": 38
        }
    },
    "lr": 0.0001,
    "weight_decay": 0,
    "batch_size": 16,
    "max_iters": 200,
    "warm_up": 24,
    "pretrain_model": "saved_ckpts/const_prop_opt/pretrain_jt.pth",
    "save_interval": 20,
    "save_dir": "const_prop_opt_jt",
    "num_max_node": 38,
    "temperature": [
        1.0,
        1.0
    ],
    "atom_list": [
        6,
        7,
        8,
        9,
        15,
        16,
        17,
        35,
        53
    ],
    "repeat_time": 200,
    "min_optim_time": 50
}