{
    "data": {
        "smile": "smile",
        "prop_list": "[]",
        "url": "https://raw.githubusercontent.com/divelab/DIG_storage/main/ggraph/qm9_property.csv",
        "num_max_node": "20",
        "atom_list": "[6, 7, 8, 9]"
    },
    "model": {
        "max_size": 20,
        "edge_unroll": 12,
        "node_dim": 4,
        "bond_dim": 4,
        "num_flow_layer": 12,
        "num_rgcn_layer": 3,
        "nhid": 128,
        "nout": 128,
        "use_gpu": true
    },
    "lr": 0.001,
    "weight_decay": 0,
    "batch_size": 32,
    "max_epochs": 10,
    "save_interval": 1,
    "save_dir": "rand_gen_qm9",
    "num_min_node": 7,
    "num_max_node": 20,
    "temperature": [
        0.35,
        0.23
    ],
    "atom_list": [
        6,
        7,
        8,
        9
    ]
}
