,zinc250k,zinc_800_graphaf,zinc_800_jt,zinc250k_property,qm9_property,moses,qm9,0,1,2,3,4,5,6
smile,smiles,smiles,smiles,smile,smile,smiles,SMILES1
prop_list,['qed'],['penalized_logp'],['penalized_logp'],"['qed', 'penalized_logp']","['qed', 'penalized_logp']",[],[]
url,https://raw.githubusercontent.com/divelab/DIG_storage/main/ggraph/zinc250k.csv,https://raw.githubusercontent.com/divelab/DIG_storage/main/ggraph/zinc_800_graphaf.csv,https://raw.githubusercontent.com/divelab/DIG_storage/main/ggraph/zinc_800_jt.csv,https://raw.githubusercontent.com/divelab/DIG_storage/main/ggraph/zinc250k_property.csv,https://raw.githubusercontent.com/divelab/DIG_storage/main/ggraph/qm9_property.csv,https://raw.githubusercontent.com/divelab/DIG_storage/main/ggraph/moses.csv,https://raw.githubusercontent.com/divelab/DIG_storage/main/ggraph/qm9.csv
num_max_node,38,38,38,38,9,38,9
atom_list,"[6, 7, 8, 9, 15, 16, 17, 35, 53]","[6, 7, 8, 9, 15, 16, 17, 35, 53]","[6, 7, 8, 9, 15, 16, 17, 35, 53]","[6, 7, 8, 9, 15, 16, 17, 35, 53]","[6, 7, 8, 9]","[6, 7, 8, 9, 15, 16, 17, 35, 53]","[6, 7, 8, 9]"